"","IMR_consensus","DIF_consensus","PRO_consensus","MES_consensus"
"8fd3c3ec-c5c5-4ded-bcbb-387ddc1ba5f7.rna_seq.augmented_star_gene_counts.tsv",0.196,0.478,0.188,0.138
"c42ab178-9ded-405c-8eab-69583c4b1ad0.rna_seq.augmented_star_gene_counts.tsv",0.016,0.028,0.94,0.016
"04eeb9f5-2fd6-4df3-ade8-cdb8d77f4273.rna_seq.augmented_star_gene_counts.tsv",0.94,0.056,0.002,0.002
"a14ac53b-7e97-46f3-9dce-41a2a9010f17.rna_seq.augmented_star_gene_counts.tsv",0.296,0.244,0.324,0.136
"d6326578-95eb-4f9e-967c-47fb32c04166.rna_seq.augmented_star_gene_counts.tsv",0.968,0.026,0.002,0.004
"a761adf7-b265-4d1d-90be-82dbfd776e45.rna_seq.augmented_star_gene_counts.tsv",0.152,0.548,0.08,0.22
"86e119a6-1c89-4a1d-9823-2fb95e180ea8.rna_seq.augmented_star_gene_counts.tsv",0.068,0.14,0.674,0.118
"d6c55f59-f1cd-48bf-9628-94fcfb867bff.rna_seq.augmented_star_gene_counts.tsv",0.918,0.07,0.006,0.006
"b6bc859c-c245-47ba-9c47-92c1c33d42c8.rna_seq.augmented_star_gene_counts.tsv",0.344,0.56,0.044,0.052
"98990aa6-30f1-4a05-aecb-a13b907c2f57.rna_seq.augmented_star_gene_counts.tsv",0.208,0.258,0.434,0.1
"7d8d9d6c-b701-4eda-8e36-c36ca7c90903.rna_seq.augmented_star_gene_counts.tsv",0.71,0.276,0.002,0.012
"84e6a0b4-7a1f-4a9a-80b7-b59c6d2132c2.rna_seq.augmented_star_gene_counts.tsv",0.02,0.644,0.282,0.054
"07325efb-fcf8-49b0-8df5-7f403304d90f.rna_seq.augmented_star_gene_counts.tsv",0.024,0.03,0.92,0.026
"2d7f98e2-8e4c-48aa-9c87-e9953e952689.rna_seq.augmented_star_gene_counts.tsv",0.232,0.386,0.18,0.202
"8b8765b7-07af-45c1-8aaa-d9facff1b04b.rna_seq.augmented_star_gene_counts.tsv",0.444,0.276,0.194,0.086
"a0361246-7cde-47eb-938d-53b0e2bf236d.rna_seq.augmented_star_gene_counts.tsv",0.09,0.46,0.254,0.196
"988097d1-159e-415a-9ecd-4bf197308e2c.rna_seq.augmented_star_gene_counts.tsv",0.034,0.928,0.022,0.016
"e827cb1c-e6f7-4746-b19e-f705c2de32bd.rna_seq.augmented_star_gene_counts.tsv",0,0,0.998,0.002
"be31437e-d2d6-4e6b-99e0-42ddb5a4359d.rna_seq.augmented_star_gene_counts.tsv",0.674,0.24,0.03,0.056
"cb9a0bb7-64d1-4fc6-9c3c-6f8ec74e0942.rna_seq.augmented_star_gene_counts.tsv",0.006,0.01,0.958,0.026
"d90d2b4f-8865-440d-a8b7-e0b7c947e095.rna_seq.augmented_star_gene_counts.tsv",0.09,0.888,0,0.022
"24ffd67a-b772-47de-a41b-eaa68078ad0e.rna_seq.augmented_star_gene_counts.tsv",0.88,0.046,0.016,0.058
"0c7faca1-6f1b-4e49-ad84-c56738f1a2e7.rna_seq.augmented_star_gene_counts.tsv",0.038,0.152,0.732,0.078
"f0734d35-0a0c-4753-998c-95af43501b85.rna_seq.augmented_star_gene_counts.tsv",0.21,0.218,0.378,0.194
"a5155edd-d3d9-4df0-9877-7112869c9e80.rna_seq.augmented_star_gene_counts.tsv",0.036,0.056,0.886,0.022
"93831282-1dd1-49a3-acd7-dae2a49ca62e.rna_seq.augmented_star_gene_counts.tsv",0.01,0.01,0.93,0.05
"95493f7f-1071-44c5-b007-0dd5b8637c29.rna_seq.augmented_star_gene_counts.tsv",0.052,0.892,0.014,0.042
"2e676476-647d-4f26-ab87-d4892fe59dd2.rna_seq.augmented_star_gene_counts.tsv",0.464,0.308,0.124,0.104
"42165baf-b32c-4fc4-8b04-29c5b4e76de0.rna_seq.augmented_star_gene_counts.tsv",0.05,0.098,0.228,0.624
"aaf2267a-f643-46a5-809e-f86adec2b915.rna_seq.augmented_star_gene_counts.tsv",0.006,0.01,0.978,0.006
"517eb355-1a15-4344-9f99-d5f3c461d2ef.rna_seq.augmented_star_gene_counts.tsv",0.118,0.17,0.348,0.364
"ce71f558-2289-42ed-a6fa-d335cbc4eae5.rna_seq.augmented_star_gene_counts.tsv",0.332,0.166,0.316,0.186
"2c3df990-5540-462f-b852-c94242e3868d.rna_seq.augmented_star_gene_counts.tsv",0.498,0.164,0.052,0.286
"8ab508b9-2993-4e66-b8f9-81e32e936d4a.rna_seq.augmented_star_gene_counts.tsv",0.056,0.112,0.728,0.104
"31f82383-f710-4d46-8db5-b59ee094d74a.rna_seq.augmented_star_gene_counts.tsv",0.222,0.714,0.038,0.026
"e77ccd7a-1dda-4c03-bf50-08b5df2b66e7.rna_seq.augmented_star_gene_counts.tsv",0.56,0.272,0.032,0.136
"a058327f-14ee-4870-8c31-3850f420d312.rna_seq.augmented_star_gene_counts.tsv",0.016,0.03,0.872,0.082
"524a6f24-3903-46f1-ae2e-eb83a522a0c0.rna_seq.augmented_star_gene_counts.tsv",0.548,0.446,0,0.006
"984c9d22-35ae-4d5e-a506-30ef69568d46.rna_seq.augmented_star_gene_counts.tsv",0.074,0.864,0.006,0.056
"615dafd3-130a-4a7c-9e27-a3632c2be831.rna_seq.augmented_star_gene_counts.tsv",0.052,0.776,0.098,0.074
"8b38327a-d165-473f-bc49-2d28305e9689.rna_seq.augmented_star_gene_counts.tsv",0.81,0.066,0.036,0.088
"2b584a37-d6c1-41f9-98b4-1592ac54a82b.rna_seq.augmented_star_gene_counts.tsv",0.15,0.028,0.026,0.796
"bfcea1b8-fb75-4e7b-972b-620d9f1fc3bb.rna_seq.augmented_star_gene_counts.tsv",0.038,0.084,0.76,0.118
"5a59c958-9d85-4f7b-88ec-4a15a81dae28.rna_seq.augmented_star_gene_counts.tsv",0.092,0.036,0.792,0.08
"318db280-feca-4c65-aaad-a4942357507f.rna_seq.augmented_star_gene_counts.tsv",0.164,0.192,0.434,0.21
"19fb1859-5fb2-443a-a8ea-d3dd9f5e50b9.rna_seq.augmented_star_gene_counts.tsv",0.09,0.674,0.12,0.116
"02f79514-91bb-4a31-91bc-9c53edd6fef1.rna_seq.augmented_star_gene_counts.tsv",0.912,0.084,0,0.004
"04bfa099-3ca5-4db7-ac00-5d0e32744621.rna_seq.augmented_star_gene_counts.tsv",0.18,0.098,0.634,0.088
"def689ea-33c2-40fb-bad7-709d4aa13def.rna_seq.augmented_star_gene_counts.tsv",0.832,0.118,0.034,0.016
"c4e36c8b-6250-4784-bc08-75b7d2549b94.rna_seq.augmented_star_gene_counts.tsv",0.9,0.032,0.028,0.04
"bb5d75c1-c4fb-440f-8f09-0be3dd6b7daf.rna_seq.augmented_star_gene_counts.tsv",0.024,0.07,0.6,0.306
"987381dd-ab88-40a1-ade8-e4e3c06ee8a4.rna_seq.augmented_star_gene_counts.tsv",0.288,0.492,0.08,0.14
"3c94176b-696a-453b-b80a-e7d9e3ee91f8.rna_seq.augmented_star_gene_counts.tsv",0.004,0.002,0.984,0.01
"bba3e52a-fb3f-4339-9969-07f40425e711.rna_seq.augmented_star_gene_counts.tsv",0.15,0.064,0.038,0.748
"8326bd93-55f7-49be-a164-edfb435de3b5.rna_seq.augmented_star_gene_counts.tsv",0.098,0.72,0.13,0.052
"9d007b37-ba7a-4e85-af1f-1c8aeadda990.rna_seq.augmented_star_gene_counts.tsv",0.036,0.042,0.14,0.782
"86274ce9-71ad-45a7-88c4-956a1d8bce61.rna_seq.augmented_star_gene_counts.tsv",0.012,0.004,0.048,0.936
"59fc9086-4b11-4e79-9b53-026e9e9fba53.rna_seq.augmented_star_gene_counts.tsv",0.478,0.404,0.06,0.058
"35f04f9f-3756-4d8d-858f-b49c4c94d4bd.rna_seq.augmented_star_gene_counts.tsv",0.496,0.46,0.018,0.026
"e11fea69-ccfa-4175-9184-bca06a4adbf8.rna_seq.augmented_star_gene_counts.tsv",0.002,0.002,0.982,0.014
"d41c8245-bc6e-42e5-ad70-58a3ebd5546b.rna_seq.augmented_star_gene_counts.tsv",0.106,0.334,0.456,0.104
"ca7a912e-f2d1-455f-8b5f-3104cc02ac9e.rna_seq.augmented_star_gene_counts.tsv",0.046,0.694,0.126,0.134
"32d18d49-fe09-4929-a5f6-34150f155c3e.rna_seq.augmented_star_gene_counts.tsv",0.058,0.814,0.074,0.054
"920bd9a2-a731-4cb2-874f-14cf09d0d01f.rna_seq.augmented_star_gene_counts.tsv",0.736,0.126,0.052,0.086
"43c987b0-278d-49c9-a332-8cfcc9bdb05a.rna_seq.augmented_star_gene_counts.tsv",0.004,0.032,0.956,0.008
"ebf7da61-9344-4a92-8b51-05ec9a19a222.rna_seq.augmented_star_gene_counts.tsv",0.022,0.922,0.038,0.018
"207cda7f-138a-4ae2-a6fd-90a003a94073.rna_seq.augmented_star_gene_counts.tsv",0.056,0.294,0.356,0.294
"872f7c22-17e4-4940-809b-a0970fde369b.rna_seq.augmented_star_gene_counts.tsv",0.672,0.178,0.04,0.11
"95c5928f-acf9-4833-b63c-ad53bfd24ac2.rna_seq.augmented_star_gene_counts.tsv",0.224,0.546,0.142,0.088
"fa7a010e-704d-4b55-b1ee-a6a369ef74b4.rna_seq.augmented_star_gene_counts.tsv",0.096,0.086,0.134,0.684
"921df567-b883-4f95-ac75-7c63521b5a95.rna_seq.augmented_star_gene_counts.tsv",0.166,0.252,0.488,0.094
"2c5a90ae-67c6-46de-b865-1dde61e976bd.rna_seq.augmented_star_gene_counts.tsv",0.1,0.12,0.708,0.072
"511b6838-b0e6-41c3-8c47-6c0dcbf35393.rna_seq.augmented_star_gene_counts.tsv",0.85,0.116,0.01,0.024
"ae54a97a-d99d-4d76-b718-8cc61714b767.rna_seq.augmented_star_gene_counts.tsv",0.126,0.476,0.066,0.332
"bba445df-c6f7-4257-9093-d4ea69db84a3.rna_seq.augmented_star_gene_counts.tsv",0.602,0.318,0.044,0.036
"d563b5ea-0724-4d07-9b31-9713d6edd332.rna_seq.augmented_star_gene_counts.tsv",0.052,0.832,0.074,0.042
"6ac60ab5-8d16-4e62-9122-0b4d796b9bc0.rna_seq.augmented_star_gene_counts.tsv",0.04,0.022,0.042,0.896
"fa8ad93c-f08b-4227-9be1-419b5353b160.rna_seq.augmented_star_gene_counts.tsv",0.9,0.052,0.026,0.022
"980e31f1-5128-485e-befe-f68e1df82adb.rna_seq.augmented_star_gene_counts.tsv",0.238,0.036,0.016,0.71
"e4d2a83e-41fd-44b4-9d2d-80cb3617cfdd.rna_seq.augmented_star_gene_counts.tsv",0.088,0.018,0.006,0.888
"34e59c84-b0d2-4373-9a9c-b265b828631e.rna_seq.augmented_star_gene_counts.tsv",0.904,0.084,0.004,0.008
"07742557-d413-4ab1-a624-6a003ba346be.rna_seq.augmented_star_gene_counts.tsv",0.442,0.412,0.054,0.092
"ecd6ce37-bdda-445f-b855-bc00794f03b1.rna_seq.augmented_star_gene_counts.tsv",0.63,0.24,0.032,0.098
"41f62365-a65b-4a80-aaab-323f676f67d9.rna_seq.augmented_star_gene_counts.tsv",0.228,0.668,0.018,0.086
"2e844d1a-874f-4972-820e-1d4f89575463.rna_seq.augmented_star_gene_counts.tsv",0.95,0.046,0.004,0
"87d7f834-2064-4e3b-9c41-8fbff133f285.rna_seq.augmented_star_gene_counts.tsv",0.586,0.25,0.086,0.078
"d1cc1450-ae0d-42ea-b45f-dd4f8bcbd399.rna_seq.augmented_star_gene_counts.tsv",0.318,0.624,0.024,0.034
"59b900d7-691a-423c-a590-cc9e1f0735dc.rna_seq.augmented_star_gene_counts.tsv",0.048,0.06,0.31,0.582
"4e56c9e5-1d7e-4329-96b3-1825863e4fc0.rna_seq.augmented_star_gene_counts.tsv",0.768,0.172,0.026,0.034
"c1727ac9-43ce-4f5f-b785-7d9f85f944bb.rna_seq.augmented_star_gene_counts.tsv",0.962,0.022,0.002,0.014
"2e2a3b0d-9b35-47ef-bfa8-98c2519cff9c.rna_seq.augmented_star_gene_counts.tsv",0.274,0.026,0.018,0.682
"3f97103b-9c36-40df-b3d3-88e9b118f5ce.rna_seq.augmented_star_gene_counts.tsv",0.04,0.022,0.08,0.858
"8a8dab8f-000a-46bc-9e8e-de80237aed4c.rna_seq.augmented_star_gene_counts.tsv",0.118,0.544,0.224,0.114
"791c5e20-ea2c-483e-b409-bea457466497.rna_seq.augmented_star_gene_counts.tsv",0.89,0.07,0.022,0.018
"e790bff9-6d2d-48b7-af55-b1029378322e.rna_seq.augmented_star_gene_counts.tsv",0.524,0.118,0.042,0.316
"774c4255-87c8-4e0d-9f23-64ac32174a82.rna_seq.augmented_star_gene_counts.tsv",0.028,0.13,0.82,0.022
"7d14ddef-7a1b-4515-9536-3fc4a9b85702.rna_seq.augmented_star_gene_counts.tsv",0.506,0.16,0.078,0.256
"9b68eedc-cd12-4d48-865c-d69aec556dd4.rna_seq.augmented_star_gene_counts.tsv",0.992,0.004,0.002,0.002
"f0cdf1bd-137e-42cf-a98f-dc9dd37ae19d.rna_seq.augmented_star_gene_counts.tsv",0.128,0.202,0.052,0.618
"57bfee10-7547-4a15-a774-23ea7e6cf5e9.rna_seq.augmented_star_gene_counts.tsv",0.102,0.874,0,0.024
"d0f28c51-328f-4573-a872-a3ef811d18ca.rna_seq.augmented_star_gene_counts.tsv",0.484,0.306,0.07,0.14
"36e1390b-65ee-499f-8247-df984c24547f.rna_seq.augmented_star_gene_counts.tsv",0.254,0.052,0.014,0.68
"73fb7bab-b6f9-4411-a0f2-48f884eb5679.rna_seq.augmented_star_gene_counts.tsv",0.446,0.124,0.062,0.368
"c6996478-e874-456e-ad0c-296658d8baa2.rna_seq.augmented_star_gene_counts.tsv",0.144,0.026,0.04,0.79
"0f3919e2-e4d0-4394-9cba-88b8653694a0.rna_seq.augmented_star_gene_counts.tsv",0.04,0.204,0.69,0.066
"25ff83ac-f657-473a-a0d0-fd5e98e2f691.rna_seq.augmented_star_gene_counts.tsv",0.21,0.04,0.026,0.724
"ff23c7dc-14a8-43a4-a00b-3bafdc645e46.rna_seq.augmented_star_gene_counts.tsv",0.212,0.602,0.044,0.142
"24de03d9-8635-4173-ad2b-08d01f7ff27f.rna_seq.augmented_star_gene_counts.tsv",0.006,0.002,0.964,0.028
"cfdb5780-7a6a-41ec-80f6-1405a06ba81d.rna_seq.augmented_star_gene_counts.tsv",0.172,0.324,0.434,0.07
"f3aafcfa-9e92-4d07-905c-c9b4fdd276c0.rna_seq.augmented_star_gene_counts.tsv",0.868,0.042,0.022,0.068
"962fb836-bac4-4da3-8705-fe9a5cacde8e.rna_seq.augmented_star_gene_counts.tsv",0.002,0.002,0.08,0.916
"d936e585-e711-48ec-955f-ef3dc5ca7353.rna_seq.augmented_star_gene_counts.tsv",0.042,0.014,0.144,0.8
"c18d6e53-5ede-44c8-a80a-0b961d59a094.rna_seq.augmented_star_gene_counts.tsv",0.12,0.044,0.03,0.806
"c0b634eb-856b-491e-ab86-3088950176d9.rna_seq.augmented_star_gene_counts.tsv",0.554,0.176,0.12,0.15
"bbb907c3-ad29-4255-9b4c-764d052db122.rna_seq.augmented_star_gene_counts.tsv",0.138,0.406,0.384,0.072
"c0e46d22-7732-4048-b5e9-7e631f7a797a.rna_seq.augmented_star_gene_counts.tsv",0.186,0.584,0.072,0.158
"391b894d-7639-4e12-97f1-e189233505ff.rna_seq.augmented_star_gene_counts.tsv",0.014,0.034,0.938,0.014
"fcd1465c-ddbb-438c-81c9-9be12b5327af.rna_seq.augmented_star_gene_counts.tsv",0.092,0.9,0.002,0.006
"7a647483-f972-492c-972d-63b7eff7beff.rna_seq.augmented_star_gene_counts.tsv",0.256,0.62,0.07,0.054
"7bac05ec-f793-4b99-b1d1-c848f0c69b60.rna_seq.augmented_star_gene_counts.tsv",0.586,0.15,0.064,0.2
"cf8f83cf-db75-479f-8f27-f0d74f262c91.rna_seq.augmented_star_gene_counts.tsv",0.064,0.19,0.104,0.642
"253e8a92-35ff-45b4-bf43-8f52d62ca993.rna_seq.augmented_star_gene_counts.tsv",0.24,0.04,0.016,0.704
"85db4a2d-ca76-4a24-8f69-c4ae6a781879.rna_seq.augmented_star_gene_counts.tsv",0.01,0.038,0.934,0.018
"bc3bc9f5-e99c-4384-a528-5dc71d1a5a19.rna_seq.augmented_star_gene_counts.tsv",0.034,0.868,0.058,0.04
"80fe180c-eb5d-4f12-88fb-112e36a48e46.rna_seq.augmented_star_gene_counts.tsv",0.076,0.25,0.56,0.114
"be93160b-4c67-48f1-8bdf-23d29b8c815d.rna_seq.augmented_star_gene_counts.tsv",0.002,0.022,0.962,0.014
"1521da11-ee78-464f-830f-2111e5713ee9.rna_seq.augmented_star_gene_counts.tsv",0.142,0.58,0.064,0.214
"3357f780-0eed-4559-9608-c02191b5fad3.rna_seq.augmented_star_gene_counts.tsv",0.13,0.422,0.368,0.08
"dc82e1cb-e108-4727-ba00-1beced69a2f3.rna_seq.augmented_star_gene_counts.tsv",0.064,0.006,0.016,0.914
"765e86db-4d7e-4b17-9051-3d7ee32df82a.rna_seq.augmented_star_gene_counts.tsv",0.07,0.08,0.038,0.812
"0b5a3a02-abbb-405e-b392-4944e778e2be.rna_seq.augmented_star_gene_counts.tsv",0.46,0.062,0.072,0.406
"68faaf7b-ec8b-4e35-b86d-54f927585c61.rna_seq.augmented_star_gene_counts.tsv",0.042,0.072,0.778,0.108
"c2be3377-97dd-42be-887d-c9bf57034c98.rna_seq.augmented_star_gene_counts.tsv",0.076,0.868,0.01,0.046
"bd47a9d9-3e0e-4eef-ae47-887016a2df2d.rna_seq.augmented_star_gene_counts.tsv",0.042,0.954,0,0.004
"7d0b634a-b842-4f7c-afd3-9ba129e38da1.rna_seq.augmented_star_gene_counts.tsv",0.596,0.35,0.022,0.032
"a0a073aa-4198-4139-b0d3-ce95e1fa4327.rna_seq.augmented_star_gene_counts.tsv",0.108,0.282,0.48,0.13
"1fbf116b-6325-42ef-94d2-dfdda4aa8d9f.rna_seq.augmented_star_gene_counts.tsv",0.86,0.094,0.006,0.04
"1a807944-1fce-4a18-ae2b-f19a8f13e4d7.rna_seq.augmented_star_gene_counts.tsv",0.108,0.85,0.012,0.03
"14ad7b5f-80d5-4271-b46c-bbed630b59bf.rna_seq.augmented_star_gene_counts.tsv",0.046,0.142,0.716,0.096
"0328d523-1d48-483a-abc6-40787ed24b72.rna_seq.augmented_star_gene_counts.tsv",0.012,0.006,0.018,0.964
"57904f56-c3b6-4e82-84f2-70b47173d7bc.rna_seq.augmented_star_gene_counts.tsv",0.038,0.486,0.412,0.064
"62c68df4-4b67-4c05-9cf4-f0f2e878b59e.rna_seq.augmented_star_gene_counts.tsv",0.26,0.074,0.23,0.436
"4ca1b467-0af2-4867-bd68-28bcb2cb1264.rna_seq.augmented_star_gene_counts.tsv",0.076,0.038,0.122,0.764
"a08f5098-e161-40dd-b807-216cf71ebcce.rna_seq.augmented_star_gene_counts.tsv",0.422,0.486,0.022,0.07
"dca2da37-67cd-408e-a2da-325550471381.rna_seq.augmented_star_gene_counts.tsv",0.372,0.128,0.088,0.412
"37cd0a64-830c-417b-8df6-71408fa87ecd.rna_seq.augmented_star_gene_counts.tsv",0.026,0.004,0.136,0.834
"03c8e4fe-1e07-4ea3-a154-c17c2e8af508.rna_seq.augmented_star_gene_counts.tsv",0.732,0.076,0.024,0.168
"b6984d71-6903-423e-a1b0-e98ccc3be29f.rna_seq.augmented_star_gene_counts.tsv",0.25,0.008,0.004,0.738
"ac2d95d8-5495-476e-860c-5c646b3b740e.rna_seq.augmented_star_gene_counts.tsv",0.102,0.06,0.066,0.772
"109c4aee-66f6-4015-8fab-969bd538fd61.rna_seq.augmented_star_gene_counts.tsv",0.02,0.016,0.382,0.582
"7370550b-9232-4382-ba1c-5d3ff2a69da1.rna_seq.augmented_star_gene_counts.tsv",0.074,0.886,0.02,0.02
"d9b8df95-099e-400e-895d-9f2d5ce4f348.rna_seq.augmented_star_gene_counts.tsv",0.968,0.022,0.004,0.006
"fa7c3641-365e-469d-86fd-2e6de18e49fc.rna_seq.augmented_star_gene_counts.tsv",0.51,0.234,0.074,0.182
"03752bc9-46d3-4f39-8313-3050134be0db.rna_seq.augmented_star_gene_counts.tsv",0.24,0.152,0.342,0.266
"21d6ea46-7964-4c21-8829-13f2cfd99829.rna_seq.augmented_star_gene_counts.tsv",0.87,0.042,0.01,0.078
"c3955ac8-3d67-448a-9cdd-683afd745ffa.rna_seq.augmented_star_gene_counts.tsv",0.832,0.154,0.006,0.008
"cad2eb6b-0dff-4e52-9d0e-baf5f4997089.rna_seq.augmented_star_gene_counts.tsv",0.782,0.148,0.032,0.038
"91ce2bbd-b743-4250-98c3-42fec28b9d49.rna_seq.augmented_star_gene_counts.tsv",0.242,0.072,0.062,0.624
"6ec47cac-85ce-4536-a51d-346a0e281261.rna_seq.augmented_star_gene_counts.tsv",0.63,0.32,0.016,0.034
"fdf2c36f-0cee-44d6-8d80-2717b9d044bb.rna_seq.augmented_star_gene_counts.tsv",0.982,0.004,0,0.014
"5e46819c-e79e-496f-9903-82b5c155a78b.rna_seq.augmented_star_gene_counts.tsv",0.986,0.014,0,0
"5257902c-d131-4599-aa89-6a318efb0586.rna_seq.augmented_star_gene_counts.tsv",0.064,0.84,0.012,0.084
"50c62016-a463-4dba-a179-146df17fb5dd.rna_seq.augmented_star_gene_counts.tsv",0.056,0.132,0.718,0.094
"f9e43abb-04fc-45c2-9a74-61a2bea4eeec.rna_seq.augmented_star_gene_counts.tsv",0.034,0.946,0.006,0.014
"b4388ff2-9482-41b4-a80b-a361ec3ef4d8.rna_seq.augmented_star_gene_counts.tsv",0.006,0.022,0.552,0.42
"6670929c-6c96-4256-affa-910687f99a45.rna_seq.augmented_star_gene_counts.tsv",0.512,0.4,0.05,0.038
"525a600e-544a-436f-926e-522ad287f188.rna_seq.augmented_star_gene_counts.tsv",0.022,0.102,0.802,0.074
"a2e43a42-ba42-4666-8431-47d4dc22dba2.rna_seq.augmented_star_gene_counts.tsv",0.158,0.676,0.096,0.07
"d59c9b4d-960f-4fd7-9a78-6b3bd9d31e06.rna_seq.augmented_star_gene_counts.tsv",0.13,0.664,0.096,0.11
"d7735ff1-203e-4a8b-b189-e36fa25da887.rna_seq.augmented_star_gene_counts.tsv",0.04,0.034,0.876,0.05
"6311e779-54f1-4b2e-b3f0-488145efbd02.rna_seq.augmented_star_gene_counts.tsv",0.668,0.262,0.018,0.052
"6f9bb9a5-b2d8-42c1-94fc-05eb778c1f0d.rna_seq.augmented_star_gene_counts.tsv",0.104,0.222,0.302,0.372
"d905f784-10c0-466f-b2a9-58b12bf69e1d.rna_seq.augmented_star_gene_counts.tsv",0.638,0.288,0.026,0.048
"ad4b3bef-a8f4-47ca-b0a2-e7a7dbb0ecdc.rna_seq.augmented_star_gene_counts.tsv",0.81,0.13,0.012,0.048
"807a3beb-0dfc-42b6-9995-1c93b73ce349.rna_seq.augmented_star_gene_counts.tsv",0.268,0.138,0.03,0.564
"c3482424-68d5-43cd-a75c-a1cefa68e6d0.rna_seq.augmented_star_gene_counts.tsv",0.28,0.234,0.04,0.446
"13e069ad-b3f9-48e6-93f8-24060058ed43.rna_seq.augmented_star_gene_counts.tsv",0.88,0.05,0.022,0.048
"24fb0a8d-34f2-4cac-9b8c-03c2503a34fd.rna_seq.augmented_star_gene_counts.tsv",0.052,0.018,0.04,0.89
"8b8aae66-3fb7-4875-81e3-601ccbc3bb82.rna_seq.augmented_star_gene_counts.tsv",0.904,0.026,0.002,0.068
"4793d6ae-2289-4825-9d9b-5b217a0837e5.rna_seq.augmented_star_gene_counts.tsv",0.854,0.092,0.022,0.032
"4d8ce68c-cba9-44e2-be95-477c938fdd73.rna_seq.augmented_star_gene_counts.tsv",0.166,0.408,0.068,0.358
"03462bef-e22d-42c1-8360-f2a3404e698d.rna_seq.augmented_star_gene_counts.tsv",0.19,0.004,0.01,0.796
"9ae61124-172b-4d16-aadc-bc7c096002cf.rna_seq.augmented_star_gene_counts.tsv",0.032,0.904,0.05,0.014
"2458e827-5ac6-4d31-8ad4-b335e7f787cd.rna_seq.augmented_star_gene_counts.tsv",0.114,0.106,0.15,0.63
"00d52735-8d5a-405b-a26f-52a4f1ab6df8.rna_seq.augmented_star_gene_counts.tsv",0.984,0.008,0,0.008
"94e50abd-1c5d-4267-b36e-25d229716049.rna_seq.augmented_star_gene_counts.tsv",0.04,0.752,0.058,0.15
"532e54f3-48e3-466f-8d1c-61f62fe31cc4.rna_seq.augmented_star_gene_counts.tsv",0.116,0.034,0.27,0.58
"88e85e7b-16f4-484a-8f20-541f0900ff44.rna_seq.augmented_star_gene_counts.tsv",0.148,0.4,0.092,0.36
"7de8593c-b0fc-4a23-a1e9-9a066502777b.rna_seq.augmented_star_gene_counts.tsv",0.214,0.384,0.284,0.118
"f6e55165-bb0d-4bb1-9f72-f29d355b7b8d.rna_seq.augmented_star_gene_counts.tsv",0.922,0.018,0.004,0.056
"d6472bd0-b4e2-4ed1-a892-e1702c195dc7.rna_seq.augmented_star_gene_counts.tsv",0.16,0.624,0.154,0.062
"06bfef84-bc96-4d26-a658-3da2432dd948.rna_seq.augmented_star_gene_counts.tsv",0.024,0.952,0.016,0.008
"e7ae8300-261d-4bea-9ecd-3d7f551daefc.rna_seq.augmented_star_gene_counts.tsv",0.376,0.044,0.012,0.568
"5d9a6911-c16e-4b16-8d56-2b99a9fbce3f.rna_seq.augmented_star_gene_counts.tsv",0.12,0.542,0.226,0.112
"4d444647-db80-41e2-b7dd-148690e2b3c2.rna_seq.augmented_star_gene_counts.tsv",0.054,0.028,0.036,0.882
"ecf72b78-167b-4353-87bd-ca38c7c1d0a0.rna_seq.augmented_star_gene_counts.tsv",0.732,0.146,0.05,0.072
"3906ba4a-96da-4833-a237-b402ffe42da5.rna_seq.augmented_star_gene_counts.tsv",0.19,0.598,0.05,0.162
"793b24af-b8e0-4ecd-a07a-5710a4cb67bc.rna_seq.augmented_star_gene_counts.tsv",0.278,0.696,0.016,0.01
"f5f0cecd-ef58-47e5-a8e9-0788d7f00248.rna_seq.augmented_star_gene_counts.tsv",0.342,0.45,0.018,0.19
"7ac150f1-a758-4259-b65d-52e51bc3fb1f.rna_seq.augmented_star_gene_counts.tsv",0.328,0.252,0.244,0.176
"0328fb2d-b622-4d82-b5a5-674d30212caa.rna_seq.augmented_star_gene_counts.tsv",0.118,0.018,0.03,0.834
"1e36ddde-f989-45b5-a887-d7c6ac41aaeb.rna_seq.augmented_star_gene_counts.tsv",0.99,0.01,0,0
"1730a0a1-8a5a-4532-a35e-4e4db4a4b4b6.rna_seq.augmented_star_gene_counts.tsv",0.086,0.866,0.026,0.022
"861aa222-1133-4423-9746-6a0d1b8e5163.rna_seq.augmented_star_gene_counts.tsv",0.022,0.19,0.738,0.05
"8e1e205e-342c-4434-a78d-fc206a85003d.rna_seq.augmented_star_gene_counts.tsv",0.058,0.012,0.342,0.588
"1155a6cd-3dce-40d1-a498-d9843ab20901.rna_seq.augmented_star_gene_counts.tsv",0.084,0.364,0.462,0.09
"de46493c-07c7-4884-9361-8ab7d5cd0a72.rna_seq.augmented_star_gene_counts.tsv",0.1,0.464,0.092,0.344
"9502e51f-a360-4ca0-92fa-70f78ecf9b04.rna_seq.augmented_star_gene_counts.tsv",0.938,0.048,0.004,0.01
"d34ab5f4-ced0-436d-be8e-28f8f58e228d.rna_seq.augmented_star_gene_counts.tsv",0.082,0.834,0.012,0.072
"0538f774-31e5-4f0f-868e-c651a2551cb3.rna_seq.augmented_star_gene_counts.tsv",0.03,0.95,0.008,0.012
"412e9725-b56c-4b7b-b6cb-6d32ccddb96d.rna_seq.augmented_star_gene_counts.tsv",0,0.01,0.978,0.012
"676462aa-e44e-4f39-a9cb-222e8815bdfc.rna_seq.augmented_star_gene_counts.tsv",0.704,0.174,0.046,0.076
"68021dd4-be26-40e0-b69d-de199b6ea838.rna_seq.augmented_star_gene_counts.tsv",0.022,0.032,0.886,0.06
"ad063208-3c51-45f6-88c8-0a802df75182.rna_seq.augmented_star_gene_counts.tsv",0.756,0.064,0.026,0.154
"fb2b534e-f659-4f1f-8f03-7be4818b3547.rna_seq.augmented_star_gene_counts.tsv",0.188,0.194,0.56,0.058
"ba7d73f8-16bf-493c-bb33-9121ceda8a89.rna_seq.augmented_star_gene_counts.tsv",0.714,0.188,0.046,0.052
"876a27db-292d-49f1-80b9-da35cb0cb186.rna_seq.augmented_star_gene_counts.tsv",0.14,0.152,0.632,0.076
"278dc83a-1488-4a81-8e24-56b784c77796.rna_seq.augmented_star_gene_counts.tsv",0.002,0,0,0.998
"23d2011e-aab7-4dda-b818-55d6fa86503b.rna_seq.augmented_star_gene_counts.tsv",0.004,0.01,0.972,0.014
"f691c28c-5b0d-4b28-8b05-030dd07a2b13.rna_seq.augmented_star_gene_counts.tsv",0.074,0.026,0.186,0.714
"22a0a810-bcf2-4e89-aa7d-bcbdbf88fb82.rna_seq.augmented_star_gene_counts.tsv",0.514,0.466,0.006,0.014
"037a7fa8-e684-4548-805c-845c3df9e188.rna_seq.augmented_star_gene_counts.tsv",0.078,0.896,0.016,0.01
"e5122ef6-16e7-4c8b-882c-737ace21f6a1.rna_seq.augmented_star_gene_counts.tsv",0.006,0,0.002,0.992
"1c955b7d-6c23-4f92-83d5-d5420d3e6d22.rna_seq.augmented_star_gene_counts.tsv",0.016,0.018,0.828,0.138
"b44c4388-8fd4-4d11-90f9-bd7497707b73.rna_seq.augmented_star_gene_counts.tsv",0.104,0.592,0.244,0.06
"ba187e93-15e0-4681-9c0f-f4d346cfe1a8.rna_seq.augmented_star_gene_counts.tsv",0.48,0.182,0.096,0.242
"767664c5-0307-4a70-aaea-6601aa45e546.rna_seq.augmented_star_gene_counts.tsv",0.084,0.086,0.49,0.34
"78c61237-b889-4cb8-bb8e-eacd33b3538f.rna_seq.augmented_star_gene_counts.tsv",0.012,0.006,0.96,0.022
"d94d6def-9d09-4ef8-8fd7-7866664d20dd.rna_seq.augmented_star_gene_counts.tsv",0.054,0.024,0.102,0.82
"04f0900d-efc7-498d-a8eb-aea677094877.rna_seq.augmented_star_gene_counts.tsv",0.024,0.044,0.04,0.892
"ce797402-bbd4-4ad0-8b02-b44d6b30f70e.rna_seq.augmented_star_gene_counts.tsv",0.06,0.07,0.058,0.812
"72e3b5ff-0679-4d43-a7c2-697635faa1fc.rna_seq.augmented_star_gene_counts.tsv",0.11,0.21,0.086,0.594
"1d39253a-1714-4371-942f-98acaf24a4f9.rna_seq.augmented_star_gene_counts.tsv",0.098,0.034,0.034,0.834
"bf0b1fa1-16b5-44ed-bbdd-535835f2c4e9.rna_seq.augmented_star_gene_counts.tsv",0.038,0.09,0.648,0.224
"3245bf16-6e24-4585-86c3-6eebac80d2c9.rna_seq.augmented_star_gene_counts.tsv",0.132,0.772,0.012,0.084
"21ff9928-00f0-4b96-8d70-35e9bfad5d40.rna_seq.augmented_star_gene_counts.tsv",0.026,0.062,0.804,0.108
"846a9737-f1d2-4c15-8023-360f22805491.rna_seq.augmented_star_gene_counts.tsv",0.09,0.222,0.238,0.45
"62bea110-bff8-4d67-a920-77d3f2d85d13.rna_seq.augmented_star_gene_counts.tsv",0.026,0.032,0.276,0.666
"0b6de433-c314-478c-93bc-2961355b43ce.rna_seq.augmented_star_gene_counts.tsv",0.354,0.516,0.026,0.104
"e4345410-d8f9-498c-b4fe-d6e951bd1f9c.rna_seq.augmented_star_gene_counts.tsv",0.14,0.154,0.562,0.144
"d779f8e6-b653-4d7e-bfa4-729b9caf329d.rna_seq.augmented_star_gene_counts.tsv",0.07,0.24,0.582,0.108
"eb300488-c9f0-4cb4-9bf5-00fc749360b9.rna_seq.augmented_star_gene_counts.tsv",0.344,0.46,0.044,0.152
"59fd8143-0e82-4c16-acb3-c54e518248fb.rna_seq.augmented_star_gene_counts.tsv",0.074,0.36,0.234,0.332
"cac17859-2779-4a77-98b7-3c6e392f0f1e.rna_seq.augmented_star_gene_counts.tsv",0.486,0.48,0.016,0.018
"8e3391f6-45fe-43c4-8b3d-2d247e75e223.rna_seq.augmented_star_gene_counts.tsv",0.536,0.444,0.002,0.018
"f08b0e14-26ec-4a08-8668-66d0137d72b1.rna_seq.augmented_star_gene_counts.tsv",0.022,0.896,0.04,0.042
"c5de138c-103d-4a75-a2eb-7279c1046d0d.rna_seq.augmented_star_gene_counts.tsv",0.006,0.016,0.974,0.004
"e2282ea0-e21f-439d-899b-55a42119cd50.rna_seq.augmented_star_gene_counts.tsv",0.792,0.15,0.014,0.044
"e0359ee9-8ff1-4f46-9d5e-6dd51f0d7d6a.rna_seq.augmented_star_gene_counts.tsv",0.148,0.116,0.198,0.538
"e8725b9d-f94d-4206-bb2b-4f67ad48487a.rna_seq.augmented_star_gene_counts.tsv",0.136,0.32,0.388,0.156
"161a0325-0f8a-4d41-be34-6740025c4435.rna_seq.augmented_star_gene_counts.tsv",0.408,0.312,0.188,0.092
"2d1f87db-68ea-4a99-beab-ac630a5b407a.rna_seq.augmented_star_gene_counts.tsv",0.032,0.006,0.084,0.878
"7477b82e-dc6c-4bf4-ba14-b7d33a867161.rna_seq.augmented_star_gene_counts.tsv",0.016,0.01,0.134,0.84
"4f1e300b-a17e-4226-ab42-802c382ac826.rna_seq.augmented_star_gene_counts.tsv",0.588,0.222,0.11,0.08
"b7b8a33a-46af-4ae9-aea3-a8d18d27c0ab.rna_seq.augmented_star_gene_counts.tsv",0.596,0.154,0.046,0.204
"6e7487d8-ad27-46b8-9a50-eab558676946.rna_seq.augmented_star_gene_counts.tsv",0.434,0.348,0.118,0.1
"880f1d5d-52b1-494c-83ed-164437af010f.rna_seq.augmented_star_gene_counts.tsv",0.068,0.852,0.05,0.03
"e945ff79-76d6-4466-a346-82305415a268.rna_seq.augmented_star_gene_counts.tsv",0.462,0.448,0.028,0.062
"505c0f45-5452-4d4c-aecf-35d78b41a3b4.rna_seq.augmented_star_gene_counts.tsv",0.104,0.038,0.066,0.792
"40578293-a4b2-449e-bcdb-f6ae9bfbc3e2.rna_seq.augmented_star_gene_counts.tsv",0.098,0.272,0.452,0.178
"c584aa52-c1dd-4397-8dea-0b7a36ab1f54.rna_seq.augmented_star_gene_counts.tsv",0.014,0.022,0.872,0.092
"2b12b5be-f274-4a43-b69b-24b736e2bcac.rna_seq.augmented_star_gene_counts.tsv",0.124,0.384,0.426,0.066
"216248b8-0db2-464b-ab1d-0253d71dc54d.rna_seq.augmented_star_gene_counts.tsv",0.05,0.066,0.12,0.764
"30351cfc-3af6-45bb-9106-9a1fc6ae7bcc.rna_seq.augmented_star_gene_counts.tsv",0.048,0.16,0.72,0.072
"02d00dd6-708d-46a9-b885-d6d14eed564d.rna_seq.augmented_star_gene_counts.tsv",0.054,0.08,0.654,0.212
"86f6b100-9d37-4a8a-b3c5-03ec17f83559.rna_seq.augmented_star_gene_counts.tsv",0.146,0.452,0.24,0.162
"53eaeb7f-a3c6-46df-b1ff-fb40cb84912e.rna_seq.augmented_star_gene_counts.tsv",0.688,0.278,0.004,0.03
"f6e1478c-72b3-45ae-a328-bba09df4a0a5.rna_seq.augmented_star_gene_counts.tsv",0.128,0.812,0.01,0.05
"7e2f7b6d-46d7-4b37-86d8-354da4408713.rna_seq.augmented_star_gene_counts.tsv",0.114,0.666,0.132,0.088
"51b41730-a7f8-4b00-9f17-808c5057077f.rna_seq.augmented_star_gene_counts.tsv",0.078,0.854,0.034,0.034
"d329a391-79e4-4ce0-b335-0e8a4074ba58.rna_seq.augmented_star_gene_counts.tsv",0.04,0.946,0.006,0.008
"61b94289-2f3d-45ab-94d9-80278e53da3b.rna_seq.augmented_star_gene_counts.tsv",0.226,0.514,0.044,0.216
"6965bf9d-d903-428d-91f1-c240967edb77.rna_seq.augmented_star_gene_counts.tsv",0.492,0.442,0.032,0.034
"299f99cd-e2df-4266-a488-4f8f48aa68d9.rna_seq.augmented_star_gene_counts.tsv",0.462,0.496,0.008,0.034
"f25d516a-d4ea-4f89-9f6e-9f41c1634505.rna_seq.augmented_star_gene_counts.tsv",0.588,0.306,0.056,0.05
"53d87f0d-55f7-473d-b5ec-ccf8d1447ec0.rna_seq.augmented_star_gene_counts.tsv",0.104,0.032,0.02,0.844
"08a88278-e3c9-4646-8d9f-6913ba17a009.rna_seq.augmented_star_gene_counts.tsv",0.998,0.002,0,0
"b9ac701c-5ec1-49bb-b988-7799a603981d.rna_seq.augmented_star_gene_counts.tsv",0.524,0.402,0.032,0.042
"99fea937-9d25-46e5-8fcf-b8319d0fa002.rna_seq.augmented_star_gene_counts.tsv",0.6,0.268,0.032,0.1
"d9d0bbf5-4b7e-471b-9481-fe3706d480ab.rna_seq.augmented_star_gene_counts.tsv",0.008,0.986,0.004,0.002
"137283ac-bd8f-424a-bf5b-e70b05b6a3e9.rna_seq.augmented_star_gene_counts.tsv",0.692,0.098,0.036,0.174
"b849f8c0-4937-4e95-bfc7-c8da9340d021.rna_seq.augmented_star_gene_counts.tsv",0.886,0.056,0.022,0.036
"d4a99056-1263-41dd-910a-a5a34394cf42.rna_seq.augmented_star_gene_counts.tsv",1,0,0,0
"24c88f11-3839-493f-9357-f8be5bbadaf6.rna_seq.augmented_star_gene_counts.tsv",0.096,0.498,0.298,0.108
"d9112d90-1e2f-4359-bf56-7ea55802a50f.rna_seq.augmented_star_gene_counts.tsv",0.092,0.634,0.242,0.032
"3e81ddc0-4479-48c8-a93d-a63b9eb4e8c0.rna_seq.augmented_star_gene_counts.tsv",0.058,0.02,0.01,0.912
"41bdbd88-b4b2-4884-8a44-b34656ae4156.rna_seq.augmented_star_gene_counts.tsv",0.1,0.734,0.132,0.034
"c99fbe90-c684-42dd-ba96-66aa1f1295d8.rna_seq.augmented_star_gene_counts.tsv",0.088,0.122,0.548,0.242
"f43a4550-8d3e-44c5-ad1a-2b0d173809db.rna_seq.augmented_star_gene_counts.tsv",0.024,0.014,0.024,0.938
"1d359158-291b-4629-bd6f-0d605ac6afa7.rna_seq.augmented_star_gene_counts.tsv",0.102,0.044,0.032,0.822
"8a98119d-760e-49dd-84e7-1b97079b0397.rna_seq.augmented_star_gene_counts.tsv",0.994,0.006,0,0
"0cb97f5d-d78d-409e-9b67-30f15d6ac77b.rna_seq.augmented_star_gene_counts.tsv",0.13,0.118,0.566,0.186
"c2f06573-c165-486c-bf6c-28316a82acaa.rna_seq.augmented_star_gene_counts.tsv",0.092,0.098,0.718,0.092
"ec34b3b2-e9d3-49bb-bc27-6a16103ad51a.rna_seq.augmented_star_gene_counts.tsv",0.638,0.164,0.07,0.128
"67293c0e-904a-4cc2-ad09-a99d791bd05a.rna_seq.augmented_star_gene_counts.tsv",0.394,0.428,0.052,0.126
"0f3357a3-d579-4b27-a486-1550bc45890d.rna_seq.augmented_star_gene_counts.tsv",0.104,0.188,0.51,0.198
"0526fdf7-a3a0-4e33-b681-d5e3ec7b4a72.rna_seq.augmented_star_gene_counts.tsv",0.004,0,0.036,0.96
"68f32d39-8608-443c-ac04-95f12812fb72.rna_seq.augmented_star_gene_counts.tsv",0.032,0.94,0.01,0.018
"4383d6c3-b23c-412a-9329-25cd54654941.rna_seq.augmented_star_gene_counts.tsv",0.022,0.196,0.704,0.078
"57439dc1-cb41-424c-ab78-f8d8efa49d27.rna_seq.augmented_star_gene_counts.tsv",0.108,0.124,0.058,0.71
"e18acf1a-8d53-42a4-917c-1bc7e0a13888.rna_seq.augmented_star_gene_counts.tsv",0.384,0.094,0.078,0.444
"960e2805-9b82-4d03-84fe-39fda23c6646.rna_seq.augmented_star_gene_counts.tsv",0.078,0.78,0.126,0.016
"7711187f-5e2a-44eb-804f-c32556a2f02f.rna_seq.augmented_star_gene_counts.tsv",0.186,0.602,0.074,0.138
"cac82d7b-ee82-44eb-8c1d-8371084e6359.rna_seq.augmented_star_gene_counts.tsv",0.338,0.492,0.058,0.112
"8a7a4704-c698-4291-ba48-207895898a40.rna_seq.augmented_star_gene_counts.tsv",0.588,0.144,0.038,0.23
"d0cb6e31-ce63-4c74-ad17-b2bcc5bdc053.rna_seq.augmented_star_gene_counts.tsv",0.142,0.43,0.318,0.11
"caa902d6-c184-4b05-b61c-96c04f7196b0.rna_seq.augmented_star_gene_counts.tsv",0.01,0.014,0.952,0.024
"61eb62f8-cb54-47af-86e6-b256f6ebebfe.rna_seq.augmented_star_gene_counts.tsv",0.416,0.008,0.002,0.574
"ecff58ca-03fb-42b8-8da2-c971025a43e8.rna_seq.augmented_star_gene_counts.tsv",0.01,0.028,0.95,0.012
"36aef44f-03b6-4aff-bc8a-dfbc664dd2d0.rna_seq.augmented_star_gene_counts.tsv",0.168,0.26,0.344,0.228
"6ab54953-3d77-4239-bf4a-5a893cf9a43c.rna_seq.augmented_star_gene_counts.tsv",0.166,0.118,0.136,0.58
"3f58096d-e305-4c10-95ee-0d02486bf53c.rna_seq.augmented_star_gene_counts.tsv",0.87,0.126,0,0.004
"e542409d-6a83-430f-9437-7aee6d6be668.rna_seq.augmented_star_gene_counts.tsv",0.018,0.002,0.034,0.946
"f2db0392-6666-4458-a93b-e0ec560018c2.rna_seq.augmented_star_gene_counts.tsv",0.004,0.012,0.978,0.006
"71425fe1-3503-4f0b-bcb0-2a35cdea4b0e.rna_seq.augmented_star_gene_counts.tsv",0.238,0.54,0.186,0.036
"dfe1fbdb-b7c2-46f0-ae12-b63a8375b8be.rna_seq.augmented_star_gene_counts.tsv",0.13,0.15,0.04,0.68
"872c6084-34b9-4037-88bd-b6cb69b4bf1f.rna_seq.augmented_star_gene_counts.tsv",0.08,0.428,0.43,0.062
"91438de0-6c76-4add-b836-2283ffe21473.rna_seq.augmented_star_gene_counts.tsv",0.044,0.072,0.818,0.066
"24c604c0-2021-4829-b187-f160ee75d6cc.rna_seq.augmented_star_gene_counts.tsv",0.062,0.794,0.082,0.062
"5c58a396-5f7b-4374-a6e7-09f381d945dd.rna_seq.augmented_star_gene_counts.tsv",0.336,0.476,0.054,0.134
"f03483bb-8ad5-42e2-9b5e-31e7af8edd2f.rna_seq.augmented_star_gene_counts.tsv",0.074,0.914,0.002,0.01
"6b5cd598-f52f-48bc-8256-74a2e98ec04b.rna_seq.augmented_star_gene_counts.tsv",0.09,0.898,0.002,0.01
"3852b0f7-4b5b-444f-b948-f04b2d112b2b.rna_seq.augmented_star_gene_counts.tsv",0.338,0.52,0.034,0.108
"6bc01daa-5c11-4c87-916f-09e6fec65c5a.rna_seq.augmented_star_gene_counts.tsv",0.07,0.286,0.558,0.086
"23c3ac66-3601-425a-9063-cb3058dafb84.rna_seq.augmented_star_gene_counts.tsv",0.456,0.5,0.018,0.026
"bcd9d3bc-bd8a-4c67-85c7-0dc0939d727e.rna_seq.augmented_star_gene_counts.tsv",0.042,0.05,0.362,0.546
"bd0a6575-996a-45d2-9be2-2187a1cf1cbe.rna_seq.augmented_star_gene_counts.tsv",0.186,0.33,0.214,0.27
"c133f156-8d5e-4072-a990-86ccb7db09c9.rna_seq.augmented_star_gene_counts.tsv",0.046,0.11,0.778,0.066
"bffe7439-0f9b-422f-b073-06050afd8b18.rna_seq.augmented_star_gene_counts.tsv",0.34,0.42,0.106,0.134
"55f58064-b810-4345-bd41-a844cfb255c6.rna_seq.augmented_star_gene_counts.tsv",0.142,0.534,0.25,0.074
"d169e3da-0c53-4194-89c8-d5a87d4e9aa5.rna_seq.augmented_star_gene_counts.tsv",0.498,0.25,0.088,0.164
"9ee6252a-3269-484d-9f09-9ea169ff9665.rna_seq.augmented_star_gene_counts.tsv",0.012,0.01,0.006,0.972
"dfac6279-e38d-4c50-b1cf-c32bcf81a029.rna_seq.augmented_star_gene_counts.tsv",0.098,0.276,0.58,0.046
"b1f91d13-fe60-4444-a254-db4fd36163a4.rna_seq.augmented_star_gene_counts.tsv",0.034,0.072,0.834,0.06
"accf08d4-a784-4908-831a-7a08d4c5f0f5.rna_seq.augmented_star_gene_counts.tsv",0.216,0.132,0.102,0.55
"7211b055-44a1-4b87-a97e-ce36fdca987d.rna_seq.augmented_star_gene_counts.tsv",0.018,0.032,0.016,0.934
"d421a512-b1d2-4275-9374-b579352abb25.rna_seq.augmented_star_gene_counts.tsv",0.974,0.016,0.006,0.004
"f5c15b21-916a-4900-aec7-d30ed3377e0a.rna_seq.augmented_star_gene_counts.tsv",0.122,0.752,0.028,0.098
"32c81ba3-dca1-4bbd-9e03-5899dc6e3b0b.rna_seq.augmented_star_gene_counts.tsv",0.058,0.916,0.014,0.012
"11cd1a63-6d3a-4038-a3d5-a3ac8976c6f0.rna_seq.augmented_star_gene_counts.tsv",0.09,0.034,0.076,0.8
"017ba6ed-d634-4550-b2ab-2048d71b9830.rna_seq.augmented_star_gene_counts.tsv",0.022,0.036,0.932,0.01
"f04b7806-98d3-45b7-a8dd-e50812a5ca3f.rna_seq.augmented_star_gene_counts.tsv",0.002,0,0.002,0.996
"c643ec57-c47c-4196-b159-4b98b7f62728.rna_seq.augmented_star_gene_counts.tsv",0.972,0.02,0,0.008
"a883c598-9431-4b75-aed7-f2c8967bd020.rna_seq.augmented_star_gene_counts.tsv",0.188,0.746,0.032,0.034
"052a97e5-fd39-4af4-a29a-284bc185c9e7.rna_seq.augmented_star_gene_counts.tsv",0.034,0.078,0.842,0.046
"80422946-6ccc-40bd-bf90-e2b9a159a826.rna_seq.augmented_star_gene_counts.tsv",0.04,0.03,0.01,0.92
"7c81d253-3d75-4f27-8cc1-b1ac20c77ff5.rna_seq.augmented_star_gene_counts.tsv",0.236,0.032,0.046,0.686
"4050c1a3-e430-4ab6-9e11-d267f48e51ad.rna_seq.augmented_star_gene_counts.tsv",0.114,0.734,0.072,0.08
"fb8ee269-a38b-47ef-b548-7804340e0cda.rna_seq.augmented_star_gene_counts.tsv",0.982,0.014,0.002,0.002
"852964b8-1f8e-4891-a1a4-a63186d841ab.rna_seq.augmented_star_gene_counts.tsv",0.706,0.23,0.014,0.05
"a235d4c4-13bf-4267-82b5-1a4c82d202b3.rna_seq.augmented_star_gene_counts.tsv",0.33,0.152,0.326,0.192
"d5e9bdbb-009d-420a-ab9b-7e584d16465f.rna_seq.augmented_star_gene_counts.tsv",0.778,0.042,0.012,0.168
"87ba5532-0958-4480-9f81-c567430216f2.rna_seq.augmented_star_gene_counts.tsv",0,0.006,0.986,0.008
"15083e68-c064-4f08-9cd8-61a25547f754.rna_seq.augmented_star_gene_counts.tsv",0.088,0.748,0.098,0.066
"597eeda6-4844-4897-8fa6-8b42317b88d6.rna_seq.augmented_star_gene_counts.tsv",0.046,0.88,0.038,0.036
"c99daa88-5672-437c-af99-5b31f28ec087.rna_seq.augmented_star_gene_counts.tsv",0.198,0.708,0.048,0.046
"68831b64-75d3-410c-ab86-105d126690e9.rna_seq.augmented_star_gene_counts.tsv",0.002,0.002,0,0.996
"7696baa7-abb2-4c3e-8c10-72bedc9d7b2d.rna_seq.augmented_star_gene_counts.tsv",0.242,0.342,0.332,0.084
"9d472afb-5cd1-41d2-b188-fa9f8b706d35.rna_seq.augmented_star_gene_counts.tsv",0.118,0.814,0.044,0.024
"3ea1cf0a-bbd2-40d2-b006-efdfe59d2ed5.rna_seq.augmented_star_gene_counts.tsv",0.026,0.024,0.394,0.556
"b66a1ba2-0f0d-4eb0-8f60-ca07cf3bc997.rna_seq.augmented_star_gene_counts.tsv",0,0.004,0.992,0.004
"05a9121e-555a-49ee-ad73-4d0bf8771a82.rna_seq.augmented_star_gene_counts.tsv",0.456,0.056,0.026,0.462
"fa401e4b-6102-4c3e-8bc9-62fa94e1388e.rna_seq.augmented_star_gene_counts.tsv",0.146,0.434,0.332,0.088
"fdea882d-5c90-4536-b7b4-52144da6bff6.rna_seq.augmented_star_gene_counts.tsv",0.914,0.036,0.016,0.034
"2fb7ad5a-0ef2-4524-9fa8-4d61d1bb04e1.rna_seq.augmented_star_gene_counts.tsv",0.07,0.296,0.586,0.048
"39db5888-3562-40d9-9356-b463caa15cda.rna_seq.augmented_star_gene_counts.tsv",0.034,0.12,0.816,0.03
"be6fc173-98ff-4aa1-a7a9-14ac5cffebc4.rna_seq.augmented_star_gene_counts.tsv",0.74,0.208,0.012,0.04
"fcfc2db3-01ff-4f31-a8fc-7a5f1a7051f8.rna_seq.augmented_star_gene_counts.tsv",0.004,0.002,0.05,0.944
"a437b3c5-4dce-41f1-a050-61055225ab47.rna_seq.augmented_star_gene_counts.tsv",0.636,0.244,0.044,0.076
"cd96deaf-e1fa-40b4-80e2-4652e18e65d6.rna_seq.augmented_star_gene_counts.tsv",0.04,0.766,0.106,0.088
"0855ce26-6e6d-44aa-902d-da4927765dd4.rna_seq.augmented_star_gene_counts.tsv",0.114,0.06,0.128,0.698
"d2a6ca3a-7162-429c-9c19-9c9eb00fe149.rna_seq.augmented_star_gene_counts.tsv",0.906,0.058,0.006,0.03
"85b81e67-927d-43cd-b9d5-423aa7828e5a.rna_seq.augmented_star_gene_counts.tsv",0.994,0.006,0,0
"4951ff48-dfd1-4df5-b7ab-4bdd6ef8af67.rna_seq.augmented_star_gene_counts.tsv",0.062,0.112,0.068,0.758
"0d31f76f-d6b7-4d9f-83b7-fb0babab1231.rna_seq.augmented_star_gene_counts.tsv",0.044,0.934,0,0.022
"cadb3130-09b1-4e6a-b9ea-1c5182b2f1ed.rna_seq.augmented_star_gene_counts.tsv",0.4,0.098,0.212,0.29
"a0ad9d21-e690-4d20-ab62-d31a3b8d28eb.rna_seq.augmented_star_gene_counts.tsv",0.082,0.278,0.536,0.104
"d990fb46-63a9-4507-a950-e026c84cfb5a.rna_seq.augmented_star_gene_counts.tsv",0.152,0.76,0.046,0.042
"1bbd1089-ca5c-4e5e-88bd-30f1d293f86c.rna_seq.augmented_star_gene_counts.tsv",0.38,0.286,0.052,0.282
"9fa353e5-d096-480e-af87-f3441deea8dd.rna_seq.augmented_star_gene_counts.tsv",0.606,0.154,0.022,0.218
"d97460c3-e70c-4f30-b2e5-ec2ad1940e61.rna_seq.augmented_star_gene_counts.tsv",0.164,0.652,0.1,0.084
"4f01c248-9d66-4561-ab24-5301b843630a.rna_seq.augmented_star_gene_counts.tsv",0.116,0.864,0.016,0.004
"9e237ede-a8c8-4e90-a52e-521af59b147b.rna_seq.augmented_star_gene_counts.tsv",0.024,0.964,0.008,0.004
"a00f0490-91d3-4a33-b4bf-3a8c3013c97e.rna_seq.augmented_star_gene_counts.tsv",0.102,0.184,0.438,0.276
"c6e887f8-3f80-4099-b8dc-8b32a2a92065.rna_seq.augmented_star_gene_counts.tsv",0.018,0.022,0.866,0.094
"5943d83c-7366-4b4a-9815-c5459003a10e.rna_seq.augmented_star_gene_counts.tsv",0.322,0.478,0.138,0.062
"160a5991-0571-4f20-98e6-7b89850c435a.rna_seq.augmented_star_gene_counts.tsv",0.11,0.012,0.016,0.862
"6ae5397f-2128-454e-bda8-c389d8e7ac05.rna_seq.augmented_star_gene_counts.tsv",0.09,0.138,0.656,0.116
"8455c6c2-16c8-47ce-80d2-6925795285f2.rna_seq.augmented_star_gene_counts.tsv",0.068,0.92,0.008,0.004
"12966fcf-89f5-4e10-82fc-1ca4de192ca7.rna_seq.augmented_star_gene_counts.tsv",0.038,0.488,0.416,0.058
"357f3b6f-7140-4c6d-8007-13508d2d7258.rna_seq.augmented_star_gene_counts.tsv",0.148,0.554,0.1,0.198
"d3e779d2-6fec-4c44-80b2-d7d61eb03c81.rna_seq.augmented_star_gene_counts.tsv",0.51,0.028,0.002,0.46
"92f4e389-2fba-483b-97d0-b4379a04bf68.rna_seq.augmented_star_gene_counts.tsv",0.082,0.034,0.068,0.816
"55fc5d4b-7a9d-480b-b695-8d3ca13062f9.rna_seq.augmented_star_gene_counts.tsv",0.77,0.098,0.084,0.048
"1019e11f-92fd-42dd-b47a-5eff5fb10de5.rna_seq.augmented_star_gene_counts.tsv",0.216,0.6,0.04,0.144
"38c953af-559d-43e3-be40-d576a8d40b1f.rna_seq.augmented_star_gene_counts.tsv",0.174,0.116,0.076,0.634
"df4191dc-dd74-4197-bc35-d24807f0ceba.rna_seq.augmented_star_gene_counts.tsv",0.798,0.068,0.012,0.122
"d3d30fe1-8e55-436e-85b7-bff934cfcb8a.rna_seq.augmented_star_gene_counts.tsv",0.166,0.192,0.076,0.566
"9fcfa97a-90b3-4e91-9f4d-7001fbd02fc7.rna_seq.augmented_star_gene_counts.tsv",0.68,0.03,0.012,0.278
"9cfca6ea-1dc8-4e87-8cca-3878e58831a3.rna_seq.augmented_star_gene_counts.tsv",0.11,0.612,0.226,0.052
"780b1500-7b9f-4d17-87ef-10bd6a8acbf2.rna_seq.augmented_star_gene_counts.tsv",0.002,0,0.978,0.02
"65846af4-0d5e-43a8-9274-8714637543bd.rna_seq.augmented_star_gene_counts.tsv",0.836,0.16,0.004,0
"46d71567-d992-4687-bba2-f015c65e3778.rna_seq.augmented_star_gene_counts.tsv",0.086,0.122,0.716,0.076
"10a8816a-29ad-4503-b40b-fba675b64107.rna_seq.augmented_star_gene_counts.tsv",0.506,0.202,0.19,0.102
"82abd810-1a10-4eb8-911f-6393b01249fa.rna_seq.augmented_star_gene_counts.tsv",0.012,0.02,0.024,0.944
"808d8dcb-f3e5-4d7e-8b70-90a254ebc4e2.rna_seq.augmented_star_gene_counts.tsv",0.222,0.276,0.086,0.416
"78b8f856-9896-41af-bb90-e35569bacc42.rna_seq.augmented_star_gene_counts.tsv",0.146,0.78,0.044,0.03
"1dfc59bb-c74b-485b-b1c6-b84fccd6bc12.rna_seq.augmented_star_gene_counts.tsv",0.01,0.01,0.972,0.008
"4d26557f-db8a-4486-b265-df46a9779d86.rna_seq.augmented_star_gene_counts.tsv",0.024,0.012,0.064,0.9
"8daad469-c921-477a-8786-721e9418795e.rna_seq.augmented_star_gene_counts.tsv",0.844,0.092,0.01,0.054
"eba440bf-7924-4bee-9c1b-684acc65aed5.rna_seq.augmented_star_gene_counts.tsv",0.132,0.762,0.072,0.034
"850ac9a7-0b03-493b-abd7-a2cad3ce1e23.rna_seq.augmented_star_gene_counts.tsv",0.752,0.178,0.026,0.044
"01b83536-edd8-482a-bff6-01d0bb9970d5.rna_seq.augmented_star_gene_counts.tsv",0.124,0.254,0.26,0.362
"09afd98b-1da0-4de9-be52-8f8f595c3dfe.rna_seq.augmented_star_gene_counts.tsv",0.398,0.202,0.066,0.334
"ca1f772a-da2c-4c21-9f25-f7c4144637c3.rna_seq.augmented_star_gene_counts.tsv",0.066,0.842,0.06,0.032
"8c985ded-ab7e-4792-b373-8670db4f2ed7.rna_seq.augmented_star_gene_counts.tsv",0.096,0.824,0.062,0.018
"c5318c3f-ea9a-421a-be7c-26fa120568c6.rna_seq.augmented_star_gene_counts.tsv",0.158,0.128,0.282,0.432
"8ce770db-df49-4c86-b57b-3d98375f65c9.rna_seq.augmented_star_gene_counts.tsv",0.122,0.658,0.134,0.086
"2e3b43ae-a0aa-4d7e-a66e-07d4a88b16e8.rna_seq.augmented_star_gene_counts.tsv",0.014,0.092,0.88,0.014
"1bbb5ca6-937e-4f18-a2a5-b02d0738a4c9.rna_seq.augmented_star_gene_counts.tsv",0.286,0.238,0.336,0.14
"29d7b853-8865-4ac6-8640-701867c4ef6b.rna_seq.augmented_star_gene_counts.tsv",0.088,0.776,0.122,0.014
"1eacd17c-5634-465d-83d4-d39d136d0ce2.rna_seq.augmented_star_gene_counts.tsv",0.132,0.768,0.046,0.054
"85eefeaf-be74-41e0-980a-0b16bc47cbc9.rna_seq.augmented_star_gene_counts.tsv",0.942,0.03,0.006,0.022
"95184079-0806-49b9-8bf7-edd8aaca0ba2.rna_seq.augmented_star_gene_counts.tsv",0.936,0.03,0.004,0.03
